{"cameraMode":{"drawMode":0,"name":"Shaded","section":"Shading Mode"},"sceneLighting":false,"audioPlay":false,"sceneViewState":{"m_AlwaysRefresh":false,"showFog":true,"showSkybox":false,"showFlares":true,"showImageEffects":true,"showParticleSystems":true,"showVisualEffectGraphs":true,"m_FxEnabled":true},"in2DMode":false,"pivot":{"x":196.95391845703126,"y":24.053813934326173,"z":21.39480972290039},"rotation":{"x":0.0314352810382843,"y":0.06143129616975784,"z":-0.0019357951823621989,"w":0.9976146817207336},"size":270.8126220703125,"orthographic":true}