{"cameraMode":{"drawMode":0,"name":"Shaded","section":"Shading Mode"},"sceneLighting":false,"audioPlay":false,"sceneViewState":{"m_AlwaysRefresh":false,"showFog":true,"showSkybox":false,"showFlares":true,"showImageEffects":true,"showParticleSystems":true,"showVisualEffectGraphs":true,"m_FxEnabled":true},"in2DMode":false,"pivot":{"x":-25.31671905517578,"y":-53.087188720703128,"z":188.60488891601563},"rotation":{"x":-0.11254055798053742,"y":0.022948211058974267,"z":-0.002599794417619705,"w":-0.9933798909187317},"size":194.40011596679688,"orthographic":false}